"key","length","total_mass","control","experiment","mean_concentration","competition_time","censored_at","u_max","saturation_index","peak_heights","peak_widths","peak_separation","final_number_of_peaks","equilibration_steps","competition_steps","rejected_steps","equilibration_elapsed_s","competition_elapsed_s","total_elapsed_s","observed_time","status"
"L05.00_M010.000",5,10,"constant overall concentration","published_size",2,31,NA,10.6074842036738,0.750062401174693,"10.6074842;7.60523136","0.49;0.41",2.5,1,56135,22617,22558,2.13,0.92,3.38275194168091,31,"reached 99:1"
"L07.50_M015.000",7.5,15,"constant overall concentration","published_size",2,190,NA,12.7071090047707,0.898528294654997,"12.707109;10.28397918","0.615;0.465",3.75,1,111890,41495,41050,4.32,1.61,6.12049293518066,190,"reached 99:1"
"L10.00_M020.000",10,20,"constant overall concentration","published_size",2,961,NA,13.5849671185928,0.960602237175323,"13.58496712;11.94601153","0.78;0.54",5,1,132830,91493,89460,5.28,4.09,9.59199810028076,961,"reached 99:1"
"L10.00_M020.000",10,20,"constant total M","published_size",2,961,NA,13.5849671185928,0.960602237175323,"13.58496712;11.94601153","0.78;0.54",5,1,132830,91493,89460,5.28,4.09,9.59199810028076,961,"reached 99:1"
"L10.00_M020.000",10,20,"constant protein content in peaks","published_size",2,961,NA,13.5849671185928,0.960602237175323,"13.58496712;11.94601153","0.78;0.54",5,1,132830,91493,89460,5.28,4.09,9.59199810028076,961,"reached 99:1"
"L12.50_M025.000",12.5,25,"constant overall concentration","published_size",2,4311,NA,13.9290856503517,0.984935091909189,"13.92908565;12.92027836","0.975;0.675",6.25,1,176449,346863,336688,6.85,14.42,21.5894501209259,4311,"reached 99:1"
"L15.00_M030.000",15,30,"constant overall concentration","published_size",2,18067,NA,14.062696069738,0.994382775267712,"14.06269607;13.47123106","1.17;0.75",7.5,1,213592,1502973,1463475,10.18,67.44,77.8329610824585,18067,"reached 99:1"
"L20.00_M040.000",20,40,"constant overall concentration","published_size",2,NA,1e+05,14.130359488016,0.999167301457978,"14.13035949;13.94318229","1.56;1",10,2,258420,8705176,8476111,10.37,329.62,340.337940216064,1e+05,"censored"
"L05.00_M020.000",5,20,"constant total M","published_size",4,607,NA,13.6793379468976,0.967275262439378,"13.67933795;12.30374669","0.83;0.59",2.5,1,172746,69459,68091,5.57999999999998,2.74000000000001,8.57020020484924,607,"reached 99:1"
"L07.50_M020.000",7.5,20,"constant total M","published_size",2.66666666666667,840,NA,13.6347694004264,0.964123790295633,"13.6347694;12.1324542","0.825;0.555",3.75,1,159835,85700,83890,6.15,3.31,9.82467412948608,840,"reached 99:1"
"L12.50_M020.000",12.5,20,"constant total M","published_size",1.6,1002,NA,13.5306918499766,0.956764396126398,"13.53069185;11.74295882","0.775;0.525",6.25,1,152298,94877,92606,6.22,4.37,10.8208320140839,1002,"reached 99:1"
"L15.00_M020.000",15,20,"constant total M","published_size",1.33333333333333,984,NA,13.4708733899942,0.952534592257031,"13.47087339;11.52153274","0.75;0.51",7.5,1,163317,90175,87990,7.87,4.08000000000001,12.1790399551392,984,"reached 99:1"
"L20.00_M020.000",20,20,"constant total M","published_size",1,844,NA,13.3359000377621,0.942990534992752,"13.33590004;11.01408835","0.76;0.52",10,1,172808,79967,78130,8.61,3.66,12.4732301235199,844,"reached 99:1"
"L05.00_M018.939",5,18.9393398282202,"constant protein content in peaks","published_size",3.78786796564404,454,NA,13.5632073984676,0.959063592609602,"13.5632074;12.02429063","0.79;0.55",2.5,1,160385,58344,57398,7.47000000000001,2.84,10.6493618488312,454,"reached 99:1"
"L07.50_M019.470",7.5,19.4696699141101,"constant protein content in peaks","published_size",2.59595598854801,722,NA,13.573919538125,0.959821055268877,"13.57391954;11.98532759","0.795;0.555",3.75,1,155360,78816,77212,7.38999999999999,3.91,11.514023065567,722,"reached 99:1"
"L12.50_M020.530",12.5,20.5303300858899,"constant protein content in peaks","published_size",1.64242640687119,1175,NA,13.5940506157309,0.961244537417646,"13.59405062;11.90634962","0.825;0.525",6.25,1,157175,107065,104335,7.97000000000001,4.8,12.985641002655,1175,"reached 99:1"
"L15.00_M021.061",15,21.0606601717798,"constant protein content in peaks","published_size",1.40404401145199,1364,NA,13.6064939225179,0.962124412078596,"13.60649392;11.86634786","0.81;0.57",7.5,1,170419,120113,117265,8.79,5.35,14.396919965744,1364,"reached 99:1"
"L20.00_M022.121",20,22.1213203435596,"constant protein content in peaks","published_size",1.10606601717798,1679,NA,13.6239729382589,0.963360365134488,"13.62397294;11.78534514","0.84;0.52",10,1,190117,140673,137102,8.71,6.70999999999999,15.6400690078735,1679,"reached 99:1"
