mode,diameter_um,target_h_um,actual_max_h_um,dt_s,end_time_s,triangles,bulk_nodes,boundary_nodes,maximum_relative_mass_error,maximal_PF,final_PF,final_POL,final_relative_amplitude,polarization_time_90_max_PF_s,final_cluster_count,polarized_final,unique_site_final,final_half_mass_PF,maximal_half_mass_PF,polarization_time_90_final_half_mass_PF_s,winner_selection_time_s,winner_selection_right_censored
single,1.5,0.25,0.18589163774227793,0.05,300.0,256,145,32,2.8350655156827997e-12,0.84375,0.0,2.5510488074575844e-09,2.4004328185109736e-08,1.0,0,False,False,7.616248298702999e-09,0.6913488699652086,1.0,nan,False
single,3.0,0.25,0.19303206183097318,0.05,300.0,1024,545,64,9.672262990534364e-13,0.921875,0.703125,0.1840897187583827,2.3079706793789305,1.0,1,True,True,0.6143566704038702,0.7524136613027149,4.0,nan,False
single,4.5,0.25,0.14716243838509124,0.05,300.0,4096,2113,128,6.27875529346511e-12,0.9296875,0.6484375000000001,0.09582931608075373,1.9944140234348344,1.0,1,True,True,0.5724972824869509,0.7669629607375379,4.0,nan,False
single,6.0,0.25,0.19621658451345508,0.05,300.0,4096,2113,128,7.760458942129844e-13,0.9296875,0.5859375,0.05568620042696033,1.7367588735266688,1.0,1,True,True,0.5117211484385185,0.7632141909454907,4.0,nan,False
single,9.0,0.25,0.14823513627621335,0.05,300.0,16384,8321,256,7.421840919619171e-13,0.93359375,0.4882812499999999,0.02553032974496373,1.46248595501864,1.0,1,True,True,0.41900556621113094,0.6986760372994538,4.0,nan,False
single,12.0,0.25,0.1976468483682849,0.05,300.0,16384,8321,256,3.1189495430794523e-12,0.94140625,0.45703125,0.016877582047291582,1.3942542426712543,1.0,1,True,True,0.38847445538214664,0.7022284171326088,4.0,nan,False
single,15.0,0.25,0.24705856046035654,0.05,300.0,16384,8321,256,1.446398556481654e-12,0.94140625,0.46484375,0.013895975326507945,1.4126182415911377,1.0,1,True,True,0.3952080828646797,0.7038806853709769,4.0,nan,False
two_site,1.5,0.25,0.18589163774227793,0.05,2000.0,256,145,32,1.7215340264442602e-11,0.90625,0.0,9.307200524067766e-16,1.0615449365444772e-14,1.0,0,False,False,0.0,0.09337219622077797,0.0,nan,False
two_site,3.0,0.25,0.19303206183097318,0.05,2000.0,1024,545,64,7.586153927263695e-12,0.921875,0.703125,0.18408971865259374,2.307970678494403,1.0,1,True,True,0.6143566702950998,0.6360923651376559,127.0,131.0,False
two_site,4.5,0.25,0.14716243838509124,0.05,2000.0,4096,2113,128,4.2019721036012925e-11,0.9296875,0.8046875,0.09318155773718445,1.9561828155158991,1.0,2,True,False,0.057642873228721414,0.057642873228721414,1853.0,nan,True
two_site,6.0,0.25,0.19621658451345508,0.05,2000.0,4096,2113,128,5.2724491439448684e-12,0.9296875,0.7890625,0.05507864330237249,1.7257184464687387,1.0,2,True,False,0.012108330723569316,0.032519660245674875,1.0,nan,True
two_site,9.0,0.25,0.14823513627621335,0.05,2000.0,16384,8321,256,5.021760784984508e-12,0.94140625,0.72265625,0.02167646625688986,1.3664251434555248,1.0,2,True,False,0.006973076263259825,0.026867564840642566,1.0,nan,True
two_site,12.0,0.25,0.1976468483682849,0.05,2000.0,16384,8321,256,1.9934498496354536e-11,0.94140625,0.65234375,0.008821534337150426,1.129011678477382,1.0,2,True,False,0.00522687797343957,0.024333932735030483,1.0,nan,True
two_site,15.0,0.25,0.24705856046035654,0.05,2000.0,16384,8321,256,9.099054842920395e-12,0.94140625,0.58984375,0.002842610773298605,0.9601352367616702,1.0,2,True,False,0.0042282770525367,0.0230995497287112,1.0,nan,True
